{
    "data": [
        {
            "BusinessUnit": "Commodities",
            "SaleForeCast": [
                {
                    "Owner": "Lokesh",
                    "Role": "IT Head"
                },
                {
                    "Owner": "Kunal",
                    "Role": "Software Engineer"
                },
                {
                    "Owner":"Dhyanesh",
                    "Role":"Software Tester"
                },
                {
                    "Owner":"Dhanraj",
                    "Role":"Finance"
                },
                {
                    "Owner":"Bhangya",
                    "Role":"Manager"
                }
            ],
            "SalesForecast": []
        },
        {
            "BusinessUnit": "Wheat Flour",
            "SaleForeCast": [
                {
                    "Owner": "Rahul",
                    "Role": "IT Head"
                },
                {
                    "Owner": "Vaibhaw",
                    "Role": "Software Engineer"
                },
                {
                    "Owner":"SOhan",
                    "Role":"Software Tester"
                },
                {
                    "Owner":"Mohan",
                    "Role":"Finance"
                },
                {
                    "Owner":"Rohan",
                    "Role":"Manager"
                }
            ],
            "SalesForecast": []
        },
        {
            "BusinessUnit": "Oils & Fats",
            "SaleForeCast": [
                {
                    "Owner": "Sanjay",
                    "Role": "IT Head"
                },
                {
                    "Owner": "John",
                    "Role": "Software Engineer"
                },
                {
                    "Owner":"Jonny",
                    "Role":"Software Tester"
                },
                {
                    "Owner":"janardhan",
                    "Role":"Finance"
                },
                {
                    "Owner":"Bhagwan",
                    "Role":"Manager"
                }
            ],
            "SalesForecast": []
        },
        {
            "BusinessUnit": "Ready To Use",
            "SaleForeCast": [
                {
                    "Owner": "Sanjana",
                    "Role": "IT Head"
                },
                {
                    "Owner": "Krutika",
                    "Role": "Software Engineer"
                },
                {
                    "Owner":"Kruti",
                    "Role":"Software Tester"
                },
                {
                    "Owner":"Shyam",
                    "Role":"Finance"
                },
                {
                    "Owner":"Sundar",
                    "Role":"Manager"
                }
            ],
            "SalesForecast": []
        },
        {
            "BusinessUnit": "Steel",
            "SaleForeCast": [
                {
                    "Owner": "Vaibhaw",
                    "Role": "IT Head"
                },
                {
                    "Owner": "Laksh",
                    "Role": "Software Engineer"
                },
                {
                    "Owner":"Atul",
                    "Role":"Software Tester"
                },
                {
                    "Owner":"Dhanraj",
                    "Role":"Finance"
                },
                {
                    "Owner":"Bhangya",
                    "Role":"Manager"
                }
            ],
            "SalesForecast": []
        },
        {
            "BusinessUnit": "gasoliine",
            "SaleForeCast": [
                {
                    "Owner": "Manoj",
                    "Role": "IT Head"
                },
                {
                    "Owner": "Mrunal",
                    "Role": "Software Engineer"
                },
                {
                    "Owner":"Mangesh",
                    "Role":"Software Tester"
                },
                {
                    "Owner":"Pankaj",
                    "Role":"Finance"
                },
                {
                    "Owner":"Prashant",
                    "Role":"Manager"
                }
            ],
            "SalesForecast": []
        },
        {
            "BusinessUnit": "lumber",
            "SaleForeCast": [
                {
                    "Owner": "Pramod",
                    "Role": "IT Head"
                },
                {
                    "Owner": "Sopan",
                    "Role": "Software Engineer"
                },
                {
                    "Owner":"Nutan",
                    "Role":"Software Tester"
                },
                {
                    "Owner":"Akash",
                    "Role":"Finance"
                },
                {
                    "Owner":"Akansha",
                    "Role":"Manager"
                }
            ],
            "SalesForecast": []
        },
        {
            "BusinessUnit": "plants",
            "SaleForeCast": [
                {
                    "Owner": "Lucky",
                    "Role": "IT Head"
                },
                {
                    "Owner": "Raj",
                    "Role": "Software Engineer"
                },
                {
                    "Owner":"Pramod",
                    "Role":"Software Tester"
                },
                {
                    "Owner":"Shashikant",
                    "Role":"Finance"
                },
                {
                    "Owner":"Bhangar",
                    "Role":"Manager"
                }
            ],
            "SalesForecast": []
        },
        {
            "BusinessUnit": "Forest Resorces",
            "SaleForeCast": [
                {
                    "Owner": "Lokesh",
                    "Role": "IT Head"
                },
                {
                    "Owner": "Kunal",
                    "Role": "Software Engineer"
                },
                {
                    "Owner":"Dhyanesh",
                    "Role":"Software Tester"
                },
                {
                    "Owner":"Dhanraj",
                    "Role":"Finance"
                },
                {
                    "Owner":"Bhangya",
                    "Role":"Manager"
                }
            ],
            "SalesForecast": []
        }
    ]
}